/*
SQLyog Professional v12.08 (64 bit)
MySQL - 5.7.29 : Database - userblog
*********************************************************************
*/

/*!40101 SET NAMES utf8 */;

/*!40101 SET SQL_MODE=''*/;

/*!40014 SET @OLD_UNIQUE_CHECKS=@@UNIQUE_CHECKS, UNIQUE_CHECKS=0 */;
/*!40014 SET @OLD_FOREIGN_KEY_CHECKS=@@FOREIGN_KEY_CHECKS, FOREIGN_KEY_CHECKS=0 */;
/*!40101 SET @OLD_SQL_MODE=@@SQL_MODE, SQL_MODE='NO_AUTO_VALUE_ON_ZERO' */;
/*!40111 SET @OLD_SQL_NOTES=@@SQL_NOTES, SQL_NOTES=0 */;
CREATE DATABASE /*!32312 IF NOT EXISTS*/`userblog` /*!40100 DEFAULT CHARACTER SET utf8 */;

USE `userblog`;

/*Table structure for table `blog` */

DROP TABLE IF EXISTS `blog`;

CREATE TABLE `blog` (
  `id` int(5) NOT NULL AUTO_INCREMENT COMMENT '博客编号',
  `title` varchar(10) NOT NULL COMMENT '标题',
  `update` datetime NOT NULL COMMENT '博客更新时间',
  `author` varchar(20) NOT NULL COMMENT '作者编号',
  `content` blob NOT NULL COMMENT '文章内容',
  PRIMARY KEY (`id`),
  KEY `fk_blog` (`author`),
  CONSTRAINT `fk_blog` FOREIGN KEY (`author`) REFERENCES `user` (`idcard`)
) ENGINE=InnoDB AUTO_INCREMENT=369 DEFAULT CHARSET=utf8;

/*Data for the table `blog` */

insert  into `blog`(`id`,`title`,`update`,`author`,`content`) values (278,'12','2020-08-02 14:19:30','2222','123456789'),(279,'12','2020-08-02 14:19:30','2222','123456789'),(280,'12','2020-08-02 14:19:30','2222','123456789'),(281,'12','2020-08-02 14:19:30','2222','123456789'),(282,'12','2020-08-02 14:19:30','2222','123456789'),(283,'12','2020-08-02 14:19:30','2222','123456789'),(284,'12','2020-08-02 14:19:30','2222','123456789'),(285,'12','2020-08-02 14:19:30','2222','123456789'),(286,'12','2020-08-02 14:19:30','2222','123456789'),(287,'12','2020-08-02 14:19:30','2222','123456789'),(288,'12','2020-08-02 14:19:30','2222','123456789'),(289,'12','2020-08-02 14:19:31','2222','123456789'),(290,'12','2020-08-02 14:19:31','2222','123456789'),(291,'12','2020-08-02 14:19:31','2222','123456789'),(292,'12','2020-08-02 14:19:31','2222','123456789'),(293,'12','2020-08-02 14:19:31','2222','123456789'),(294,'12','2020-08-02 14:19:31','2222','123456789'),(295,'12','2020-08-02 14:19:31','2222','123456789'),(296,'12','2020-08-02 14:19:31','2222','123456789'),(297,'12','2020-08-02 14:19:31','2222','123456789'),(298,'12','2020-08-02 14:19:31','2222','123456789'),(299,'12','2020-08-02 14:19:31','2222','123456789'),(300,'12','2020-08-02 14:19:31','2222','123456789'),(301,'12','2020-08-02 14:19:31','2222','123456789'),(302,'12','2020-08-02 14:19:31','2222','123456789'),(304,'12','2020-08-02 14:19:31','2222','123456789'),(305,'12','2020-08-02 14:19:32','2222','123456789'),(306,'12','2020-08-02 14:19:32','2222','123456789'),(307,'12','2020-08-02 14:19:32','2222','123456789'),(308,'12','2020-08-02 14:19:32','2222','123456789'),(309,'12','2020-08-02 14:19:32','2222','123456789'),(310,'12','2020-08-02 14:19:32','2222','123456789'),(311,'12','2020-08-02 14:19:32','2222','123456789'),(312,'12','2020-08-02 14:19:32','2222','123456789'),(313,'12','2020-08-02 14:19:32','2222','123456789'),(314,'12','2020-08-02 14:19:32','2222','123456789'),(315,'12','2020-08-02 14:19:32','2222','123456789'),(316,'12','2020-08-02 14:19:32','2222','123456789'),(317,'12','2020-08-02 14:19:32','2222','123456789'),(318,'12','2020-08-02 14:19:32','2222','123456789'),(319,'12','2020-08-02 14:19:32','2222','123456789'),(320,'12','2020-08-02 14:19:32','2222','123456789'),(364,'小学生','2020-08-02 16:52:10','1111','小坏蛋'),(365,'***','2020-08-02 16:54:17','1111','小坏蛋'),(366,'分','2020-08-05 16:13:28','1111','分'),(367,'213','2020-12-23 12:32:03','1111','123');

/*Table structure for table `dates` */

DROP TABLE IF EXISTS `dates`;

CREATE TABLE `dates` (
  `dateTable` date DEFAULT NULL
) ENGINE=InnoDB DEFAULT CHARSET=utf8;

/*Data for the table `dates` */

insert  into `dates`(`dateTable`) values ('2020-07-28'),('2020-07-28'),('2020-07-28'),('2020-07-28'),('2020-07-28'),('2020-07-28'),('2020-07-28');

/*Table structure for table `datestime` */

DROP TABLE IF EXISTS `datestime`;

CREATE TABLE `datestime` (
  `dateTime` datetime DEFAULT NULL
) ENGINE=InnoDB DEFAULT CHARSET=utf8;

/*Data for the table `datestime` */

insert  into `datestime`(`dateTime`) values ('2020-07-28 10:45:43'),('2020-07-28 10:50:07'),('2020-07-28 10:51:20'),('2020-07-28 10:52:07'),('2020-07-28 10:53:27'),('2020-07-28 10:54:53'),('2020-07-28 10:54:56'),('2020-07-28 10:55:54'),('2020-07-28 10:55:57'),('2020-07-28 11:03:52'),('2020-07-28 11:03:54');

/*Table structure for table `user` */

DROP TABLE IF EXISTS `user`;

CREATE TABLE `user` (
  `idcard` varchar(20) NOT NULL COMMENT '身份证号',
  `name` varchar(10) NOT NULL COMMENT '姓名',
  `gender` int(5) NOT NULL COMMENT '性别 0男，1女',
  `birth` date NOT NULL COMMENT '出生日期',
  `username` varchar(20) NOT NULL COMMENT '用户名',
  `password` varchar(20) NOT NULL COMMENT '密码',
  PRIMARY KEY (`idcard`),
  UNIQUE KEY `uk_user` (`username`)
) ENGINE=InnoDB DEFAULT CHARSET=utf8;

/*Data for the table `user` */

insert  into `user`(`idcard`,`name`,`gender`,`birth`,`username`,`password`) values ('1111','大帅哥',0,'2020-07-18','123','123'),('12346798','132456',0,'2020-07-16','1427421650','545345645'),('123785','123321',0,'2020-08-06','14444444','123'),('2222','王者',1,'2020-07-25','456','456'),('2561531','更改',0,'2020-08-01','55555555','55555555'),('410181199912224444','admin',0,'2021-07-15','admin','123456'),('55555','笨猪',0,'2020-07-18','55','55'),('7899877','发发发发 ',0,'2020-07-18','145789963','456'),('7899877898979','发发发发 ',0,'2020-07-18','145789963215','44444444444'),('857857','有',0,'2020-07-16','857','23'),('85785777','有',0,'2020-07-16','857777','789787897'),('88885555','红色',0,'2020-07-16','1457','1457'),('9855555','199',0,'2020-07-16','222222222','222222222222'),('987','蠢猪',0,'2020-07-18','987','987'),('9878','蠢猪',0,'2020-07-18','9878','123456');

/*!40101 SET SQL_MODE=@OLD_SQL_MODE */;
/*!40014 SET FOREIGN_KEY_CHECKS=@OLD_FOREIGN_KEY_CHECKS */;
/*!40014 SET UNIQUE_CHECKS=@OLD_UNIQUE_CHECKS */;
/*!40111 SET SQL_NOTES=@OLD_SQL_NOTES */;
